<?xml version="1.0" encoding="UTF-8"?>
<project-private xmlns="http://www.netbeans.org/ns/project-private/1">
    <editor-bookmarks xmlns="http://www.netbeans.org/ns/editor-bookmarks/2" lastBookmarkId="0"/>
    <open-files xmlns="http://www.netbeans.org/ns/projectui-open-files/2">
        <group>
            <file>file:/E:/IIT%20Chicago/Sem%203/SOA/WebServiceImplementation-20171102T214000Z-001/WebApplication1/web/getDate.jsp</file>
            <file>file:/E:/IIT%20Chicago/Sem%203/SOA/WebServiceImplementation-20171102T214000Z-001/WebApplication1/web/home.jsp</file>
            <file>file:/E:/IIT%20Chicago/Sem%203/SOA/WebServiceImplementation-20171102T214000Z-001/WebApplication1/web/truckApplication.jsp</file>
            <file>file:/E:/IIT%20Chicago/Sem%203/SOA/WebServiceImplementation-20171102T214000Z-001/WebApplication1/web/vehicle.jsp</file>
            <file>file:/E:/IIT%20Chicago/Sem%203/SOA/WebServiceImplementation-20171102T214000Z-001/WebApplication1/web/validate.jsp</file>
            <file>file:/E:/IIT%20Chicago/Sem%203/SOA/WebServiceImplementation-20171102T214000Z-001/WebApplication1/web/customer.jsp</file>
            <file>file:/E:/IIT%20Chicago/Sem%203/SOA/WebServiceImplementation-20171102T214000Z-001/WebApplication1/src/java/soa/itmd566/TrucksAppServlet.java</file>
            <file>file:/E:/IIT%20Chicago/Sem%203/SOA/WebServiceImplementation-20171102T214000Z-001/WebApplication1/web/style.css</file>
        </group>
    </open-files>
</project-private>
