<?xml version="1.0" encoding="UTF-8"?>
<jax-ws xmlns="http://www.netbeans.org/ns/jax-ws/1">
  <services>
    <service name="WebService15">
      <implementation-class>soa.itmd566.webservices.WebService15</implementation-class>
    </service>
    <service name="WebService14">
      <implementation-class>soa.itmd566.webservices.WebService14</implementation-class>
    </service>
    <service name="WebService17">
      <implementation-class>soa.itmd566.webservices.WebService17</implementation-class>
    </service>
    <service name="WebService16">
      <implementation-class>soa.itmd566.webservices.WebService16</implementation-class>
    </service>
    <service name="WebService11">
      <implementation-class>soa.itmd566.webservices.WebService11</implementation-class>
    </service>
    <service name="WebService10">
      <implementation-class>soa.itmd566.webservices.WebService10</implementation-class>
    </service>
    <service name="WebService13">
      <implementation-class>soa.itmd566.webservices.WebService13</implementation-class>
    </service>
    <service name="WebService12">
      <implementation-class>soa.itmd566.webservices.WebService12</implementation-class>
    </service>
    <service name="WebService19">
      <implementation-class>soa.itmd566.webservices.WebService19</implementation-class>
    </service>
    <service name="WebService18">
      <implementation-class>soa.itmd566.webservices.WebService18</implementation-class>
    </service>
    <service name="WebService3">
      <implementation-class>soa.itmd566.webservices.WebService3</implementation-class>
    </service>
    <service name="WebService6">
      <implementation-class>soa.itmd566.webservices.WebService6</implementation-class>
    </service>
    <service name="WebService5">
      <implementation-class>soa.itmd566.webservices.WebService5</implementation-class>
    </service>
    <service name="WebService7">
      <implementation-class>soa.itmd566.webservices.WebService7</implementation-class>
    </service>
    <service name="WebService20">
      <implementation-class>soa.itmd566.webservices.WebService20</implementation-class>
    </service>
    <service name="WebService1">
      <implementation-class>soa.itmd566.webservices.WebService1</implementation-class>
    </service>
    <service name="WebService2">
      <implementation-class>soa.itmd566.webservices.WebService2</implementation-class>
    </service>
    <service name="WebService4">
      <implementation-class>soa.itmd566.webservices.WebService4</implementation-class>
    </service>
    <service name="WebService8">
      <implementation-class>soa.itmd566.webservices.WebService8</implementation-class>
    </service>
    <service name="WebService9">
      <implementation-class>soa.itmd566.webservices.WebService9</implementation-class>
    </service>
  </services>
  <clients/>
</jax-ws>
