<?xml version="1.0" encoding="UTF-8"?><!--
        *** GENERATED FROM jax-ws.xml - DO NOT EDIT !                             ***
        *** TO MODIFY wsimport options USE Web Service node -> Edit WS Attributes ***
        *** TO CHANGE TARGETS GENERATED TO jaxws-build.xml COPY THOSE             ***
        *** TARGETS TO ../build.xml AND MODIFY THAT FILE INSTEAD                  ***

        --><project xmlns:xalan="http://xml.apache.org/xslt" xmlns:webproject2="http://www.netbeans.org/ns/web-project/2" xmlns:jaxws="http://www.netbeans.org/ns/jax-ws/1">
    <!--
                ===================
                JAX-WS WSGEN SECTION
                ===================
            -->
    <target name="wsgen-init" depends="init, -do-compile">
        <mkdir dir="${build.generated.sources.dir}/jax-ws/resources/"/>
        <mkdir dir="${build.classes.dir}"/>
        <mkdir dir="${build.classes.dir}/META-INF"/>
        <property name="j2ee.platform.wsgen.classpath" value="${libs.jaxws21.classpath}"/>
        <taskdef name="wsgen" classname="com.sun.tools.ws.ant.WsGen">
            <classpath path="${java.home}/../lib/tools.jar:${build.classes.dir}:${j2ee.platform.wsgen.classpath}:${javac.classpath}"/>
        </taskdef>
    </target>
    <target name="wsgen-WebService15" depends="wsgen-init">
        <copy todir="${build.classes.dir}/META-INF">
            <fileset dir="${webinf.dir}" includes="wsit-soa.itmd566.webservices.WebService15.xml"/>
        </copy>
        <wsgen sourcedestdir="${build.generated.sources.dir}/jax-ws" resourcedestdir="${build.generated.sources.dir}/jax-ws/resources/" destdir="${build.generated.sources.dir}/jax-ws" verbose="true" keep="true" genwsdl="true" sei="soa.itmd566.webservices.WebService15" xendorsed="true">
            <classpath path="${java.home}/../lib/tools.jar:${build.classes.dir}:${j2ee.platform.wsgen.classpath}:${javac.classpath}"/>
        </wsgen>
    </target>
    <target name="wsgen-WebService14" depends="wsgen-init">
        <copy todir="${build.classes.dir}/META-INF">
            <fileset dir="${webinf.dir}" includes="wsit-soa.itmd566.webservices.WebService14.xml"/>
        </copy>
        <wsgen sourcedestdir="${build.generated.sources.dir}/jax-ws" resourcedestdir="${build.generated.sources.dir}/jax-ws/resources/" destdir="${build.generated.sources.dir}/jax-ws" verbose="true" keep="true" genwsdl="true" sei="soa.itmd566.webservices.WebService14" xendorsed="true">
            <classpath path="${java.home}/../lib/tools.jar:${build.classes.dir}:${j2ee.platform.wsgen.classpath}:${javac.classpath}"/>
        </wsgen>
    </target>
    <target name="wsgen-WebService17" depends="wsgen-init">
        <copy todir="${build.classes.dir}/META-INF">
            <fileset dir="${webinf.dir}" includes="wsit-soa.itmd566.webservices.WebService17.xml"/>
        </copy>
        <wsgen sourcedestdir="${build.generated.sources.dir}/jax-ws" resourcedestdir="${build.generated.sources.dir}/jax-ws/resources/" destdir="${build.generated.sources.dir}/jax-ws" verbose="true" keep="true" genwsdl="true" sei="soa.itmd566.webservices.WebService17" xendorsed="true">
            <classpath path="${java.home}/../lib/tools.jar:${build.classes.dir}:${j2ee.platform.wsgen.classpath}:${javac.classpath}"/>
        </wsgen>
    </target>
    <target name="wsgen-WebService16" depends="wsgen-init">
        <copy todir="${build.classes.dir}/META-INF">
            <fileset dir="${webinf.dir}" includes="wsit-soa.itmd566.webservices.WebService16.xml"/>
        </copy>
        <wsgen sourcedestdir="${build.generated.sources.dir}/jax-ws" resourcedestdir="${build.generated.sources.dir}/jax-ws/resources/" destdir="${build.generated.sources.dir}/jax-ws" verbose="true" keep="true" genwsdl="true" sei="soa.itmd566.webservices.WebService16" xendorsed="true">
            <classpath path="${java.home}/../lib/tools.jar:${build.classes.dir}:${j2ee.platform.wsgen.classpath}:${javac.classpath}"/>
        </wsgen>
    </target>
    <target name="wsgen-WebService11" depends="wsgen-init">
        <copy todir="${build.classes.dir}/META-INF">
            <fileset dir="${webinf.dir}" includes="wsit-soa.itmd566.webservices.WebService11.xml"/>
        </copy>
        <wsgen sourcedestdir="${build.generated.sources.dir}/jax-ws" resourcedestdir="${build.generated.sources.dir}/jax-ws/resources/" destdir="${build.generated.sources.dir}/jax-ws" verbose="true" keep="true" genwsdl="true" sei="soa.itmd566.webservices.WebService11" xendorsed="true">
            <classpath path="${java.home}/../lib/tools.jar:${build.classes.dir}:${j2ee.platform.wsgen.classpath}:${javac.classpath}"/>
        </wsgen>
    </target>
    <target name="wsgen-WebService10" depends="wsgen-init">
        <copy todir="${build.classes.dir}/META-INF">
            <fileset dir="${webinf.dir}" includes="wsit-soa.itmd566.webservices.WebService10.xml"/>
        </copy>
        <wsgen sourcedestdir="${build.generated.sources.dir}/jax-ws" resourcedestdir="${build.generated.sources.dir}/jax-ws/resources/" destdir="${build.generated.sources.dir}/jax-ws" verbose="true" keep="true" genwsdl="true" sei="soa.itmd566.webservices.WebService10" xendorsed="true">
            <classpath path="${java.home}/../lib/tools.jar:${build.classes.dir}:${j2ee.platform.wsgen.classpath}:${javac.classpath}"/>
        </wsgen>
    </target>
    <target name="wsgen-WebService13" depends="wsgen-init">
        <copy todir="${build.classes.dir}/META-INF">
            <fileset dir="${webinf.dir}" includes="wsit-soa.itmd566.webservices.WebService13.xml"/>
        </copy>
        <wsgen sourcedestdir="${build.generated.sources.dir}/jax-ws" resourcedestdir="${build.generated.sources.dir}/jax-ws/resources/" destdir="${build.generated.sources.dir}/jax-ws" verbose="true" keep="true" genwsdl="true" sei="soa.itmd566.webservices.WebService13" xendorsed="true">
            <classpath path="${java.home}/../lib/tools.jar:${build.classes.dir}:${j2ee.platform.wsgen.classpath}:${javac.classpath}"/>
        </wsgen>
    </target>
    <target name="wsgen-WebService12" depends="wsgen-init">
        <copy todir="${build.classes.dir}/META-INF">
            <fileset dir="${webinf.dir}" includes="wsit-soa.itmd566.webservices.WebService12.xml"/>
        </copy>
        <wsgen sourcedestdir="${build.generated.sources.dir}/jax-ws" resourcedestdir="${build.generated.sources.dir}/jax-ws/resources/" destdir="${build.generated.sources.dir}/jax-ws" verbose="true" keep="true" genwsdl="true" sei="soa.itmd566.webservices.WebService12" xendorsed="true">
            <classpath path="${java.home}/../lib/tools.jar:${build.classes.dir}:${j2ee.platform.wsgen.classpath}:${javac.classpath}"/>
        </wsgen>
    </target>
    <target name="wsgen-WebService19" depends="wsgen-init">
        <copy todir="${build.classes.dir}/META-INF">
            <fileset dir="${webinf.dir}" includes="wsit-soa.itmd566.webservices.WebService19.xml"/>
        </copy>
        <wsgen sourcedestdir="${build.generated.sources.dir}/jax-ws" resourcedestdir="${build.generated.sources.dir}/jax-ws/resources/" destdir="${build.generated.sources.dir}/jax-ws" verbose="true" keep="true" genwsdl="true" sei="soa.itmd566.webservices.WebService19" xendorsed="true">
            <classpath path="${java.home}/../lib/tools.jar:${build.classes.dir}:${j2ee.platform.wsgen.classpath}:${javac.classpath}"/>
        </wsgen>
    </target>
    <target name="wsgen-WebService18" depends="wsgen-init">
        <copy todir="${build.classes.dir}/META-INF">
            <fileset dir="${webinf.dir}" includes="wsit-soa.itmd566.webservices.WebService18.xml"/>
        </copy>
        <wsgen sourcedestdir="${build.generated.sources.dir}/jax-ws" resourcedestdir="${build.generated.sources.dir}/jax-ws/resources/" destdir="${build.generated.sources.dir}/jax-ws" verbose="true" keep="true" genwsdl="true" sei="soa.itmd566.webservices.WebService18" xendorsed="true">
            <classpath path="${java.home}/../lib/tools.jar:${build.classes.dir}:${j2ee.platform.wsgen.classpath}:${javac.classpath}"/>
        </wsgen>
    </target>
    <target name="wsgen-WebService3" depends="wsgen-init">
        <copy todir="${build.classes.dir}/META-INF">
            <fileset dir="${webinf.dir}" includes="wsit-soa.itmd566.webservices.WebService3.xml"/>
        </copy>
        <wsgen sourcedestdir="${build.generated.sources.dir}/jax-ws" resourcedestdir="${build.generated.sources.dir}/jax-ws/resources/" destdir="${build.generated.sources.dir}/jax-ws" verbose="true" keep="true" genwsdl="true" sei="soa.itmd566.webservices.WebService3" xendorsed="true">
            <classpath path="${java.home}/../lib/tools.jar:${build.classes.dir}:${j2ee.platform.wsgen.classpath}:${javac.classpath}"/>
        </wsgen>
    </target>
    <target name="wsgen-WebService6" depends="wsgen-init">
        <copy todir="${build.classes.dir}/META-INF">
            <fileset dir="${webinf.dir}" includes="wsit-soa.itmd566.webservices.WebService6.xml"/>
        </copy>
        <wsgen sourcedestdir="${build.generated.sources.dir}/jax-ws" resourcedestdir="${build.generated.sources.dir}/jax-ws/resources/" destdir="${build.generated.sources.dir}/jax-ws" verbose="true" keep="true" genwsdl="true" sei="soa.itmd566.webservices.WebService6" xendorsed="true">
            <classpath path="${java.home}/../lib/tools.jar:${build.classes.dir}:${j2ee.platform.wsgen.classpath}:${javac.classpath}"/>
        </wsgen>
    </target>
    <target name="wsgen-WebService5" depends="wsgen-init">
        <copy todir="${build.classes.dir}/META-INF">
            <fileset dir="${webinf.dir}" includes="wsit-soa.itmd566.webservices.WebService5.xml"/>
        </copy>
        <wsgen sourcedestdir="${build.generated.sources.dir}/jax-ws" resourcedestdir="${build.generated.sources.dir}/jax-ws/resources/" destdir="${build.generated.sources.dir}/jax-ws" verbose="true" keep="true" genwsdl="true" sei="soa.itmd566.webservices.WebService5" xendorsed="true">
            <classpath path="${java.home}/../lib/tools.jar:${build.classes.dir}:${j2ee.platform.wsgen.classpath}:${javac.classpath}"/>
        </wsgen>
    </target>
    <target name="wsgen-WebService7" depends="wsgen-init">
        <copy todir="${build.classes.dir}/META-INF">
            <fileset dir="${webinf.dir}" includes="wsit-soa.itmd566.webservices.WebService7.xml"/>
        </copy>
        <wsgen sourcedestdir="${build.generated.sources.dir}/jax-ws" resourcedestdir="${build.generated.sources.dir}/jax-ws/resources/" destdir="${build.generated.sources.dir}/jax-ws" verbose="true" keep="true" genwsdl="true" sei="soa.itmd566.webservices.WebService7" xendorsed="true">
            <classpath path="${java.home}/../lib/tools.jar:${build.classes.dir}:${j2ee.platform.wsgen.classpath}:${javac.classpath}"/>
        </wsgen>
    </target>
    <target name="wsgen-WebService20" depends="wsgen-init">
        <copy todir="${build.classes.dir}/META-INF">
            <fileset dir="${webinf.dir}" includes="wsit-soa.itmd566.webservices.WebService20.xml"/>
        </copy>
        <wsgen sourcedestdir="${build.generated.sources.dir}/jax-ws" resourcedestdir="${build.generated.sources.dir}/jax-ws/resources/" destdir="${build.generated.sources.dir}/jax-ws" verbose="true" keep="true" genwsdl="true" sei="soa.itmd566.webservices.WebService20" xendorsed="true">
            <classpath path="${java.home}/../lib/tools.jar:${build.classes.dir}:${j2ee.platform.wsgen.classpath}:${javac.classpath}"/>
        </wsgen>
    </target>
    <target name="wsgen-WebService1" depends="wsgen-init">
        <copy todir="${build.classes.dir}/META-INF">
            <fileset dir="${webinf.dir}" includes="wsit-soa.itmd566.webservices.WebService1.xml"/>
        </copy>
        <wsgen sourcedestdir="${build.generated.sources.dir}/jax-ws" resourcedestdir="${build.generated.sources.dir}/jax-ws/resources/" destdir="${build.generated.sources.dir}/jax-ws" verbose="true" keep="true" genwsdl="true" sei="soa.itmd566.webservices.WebService1" xendorsed="true">
            <classpath path="${java.home}/../lib/tools.jar:${build.classes.dir}:${j2ee.platform.wsgen.classpath}:${javac.classpath}"/>
        </wsgen>
    </target>
    <target name="wsgen-WebService2" depends="wsgen-init">
        <copy todir="${build.classes.dir}/META-INF">
            <fileset dir="${webinf.dir}" includes="wsit-soa.itmd566.webservices.WebService2.xml"/>
        </copy>
        <wsgen sourcedestdir="${build.generated.sources.dir}/jax-ws" resourcedestdir="${build.generated.sources.dir}/jax-ws/resources/" destdir="${build.generated.sources.dir}/jax-ws" verbose="true" keep="true" genwsdl="true" sei="soa.itmd566.webservices.WebService2" xendorsed="true">
            <classpath path="${java.home}/../lib/tools.jar:${build.classes.dir}:${j2ee.platform.wsgen.classpath}:${javac.classpath}"/>
        </wsgen>
    </target>
    <target name="wsgen-WebService4" depends="wsgen-init">
        <copy todir="${build.classes.dir}/META-INF">
            <fileset dir="${webinf.dir}" includes="wsit-soa.itmd566.webservices.WebService4.xml"/>
        </copy>
        <wsgen sourcedestdir="${build.generated.sources.dir}/jax-ws" resourcedestdir="${build.generated.sources.dir}/jax-ws/resources/" destdir="${build.generated.sources.dir}/jax-ws" verbose="true" keep="true" genwsdl="true" sei="soa.itmd566.webservices.WebService4" xendorsed="true">
            <classpath path="${java.home}/../lib/tools.jar:${build.classes.dir}:${j2ee.platform.wsgen.classpath}:${javac.classpath}"/>
        </wsgen>
    </target>
    <target name="wsgen-WebService8" depends="wsgen-init">
        <copy todir="${build.classes.dir}/META-INF">
            <fileset dir="${webinf.dir}" includes="wsit-soa.itmd566.webservices.WebService8.xml"/>
        </copy>
        <wsgen sourcedestdir="${build.generated.sources.dir}/jax-ws" resourcedestdir="${build.generated.sources.dir}/jax-ws/resources/" destdir="${build.generated.sources.dir}/jax-ws" verbose="true" keep="true" genwsdl="true" sei="soa.itmd566.webservices.WebService8" xendorsed="true">
            <classpath path="${java.home}/../lib/tools.jar:${build.classes.dir}:${j2ee.platform.wsgen.classpath}:${javac.classpath}"/>
        </wsgen>
    </target>
    <target name="wsgen-WebService9" depends="wsgen-init">
        <copy todir="${build.classes.dir}/META-INF">
            <fileset dir="${webinf.dir}" includes="wsit-soa.itmd566.webservices.WebService9.xml"/>
        </copy>
        <wsgen sourcedestdir="${build.generated.sources.dir}/jax-ws" resourcedestdir="${build.generated.sources.dir}/jax-ws/resources/" destdir="${build.generated.sources.dir}/jax-ws" verbose="true" keep="true" genwsdl="true" sei="soa.itmd566.webservices.WebService9" xendorsed="true">
            <classpath path="${java.home}/../lib/tools.jar:${build.classes.dir}:${j2ee.platform.wsgen.classpath}:${javac.classpath}"/>
        </wsgen>
    </target>
    <!--
                ===================
                JAX-WS WSIMPORT SECTION
                ===================
            -->
</project>
