<?xml version="1.0" encoding="UTF-8"?><!--
        *** GENERATED FROM jax-ws.xml - DO NOT EDIT !                             ***
        *** TO MODIFY wsimport options USE Web Service node -> Edit WS Attributes ***
        *** TO CHANGE TARGETS GENERATED TO jaxws-build.xml COPY THOSE             ***
        *** TARGETS TO ../build.xml AND MODIFY THAT FILE INSTEAD                  ***

        --><project xmlns:xalan="http://xml.apache.org/xslt" xmlns:webproject2="http://www.netbeans.org/ns/web-project/2" xmlns:jaxws="http://www.netbeans.org/ns/jax-ws/1">
    <!--
                ===================
                JAX-WS WSGEN SECTION
                ===================
            -->
    <!--
                ===================
                JAX-WS WSIMPORT SECTION
                ===================
            -->
    <target name="wsimport-init" depends="init">
        <fail if="${wsimport.bad.version}" message="WsImport ant task defined in the classpath ${j2ee.platform.wsimport.classpath} has a serious bug. See http://wiki.netbeans.org/MetroIssue for details."/>
        <mkdir dir="${build.generated.sources.dir}/jax-ws"/>
        <property name="j2ee.platform.wsimport.classpath" value="${libs.jaxws21.classpath}"/>
        <taskdef name="wsimport" classname="com.sun.tools.ws.ant.WsImport">
            <classpath path="${java.home}/../lib/tools.jar:${j2ee.platform.wsimport.classpath}:${javac.classpath}"/>
        </taskdef>
        <condition property="conf-dir" value="${conf.dir}/" else="">
            <isset property="conf.dir"/>
        </condition>
    </target>
    <target name="wsimport-client-customerpaymentInfo" depends="wsimport-init">
        <mkdir dir="${build.generated.dir}/jax-wsCache/customerpaymentInfo"/>
        <wsimport sourcedestdir="${build.generated.dir}/jax-wsCache/customerpaymentInfo" destdir="${build.generated.dir}/jax-wsCache/customerpaymentInfo" wsdl="${basedir}/${conf-dir}xml-resources/web-service-references/customerpaymentInfo/wsdl/laptop-3jnrljo3_8080/WebServiceImplementation/customerpaymentInfo.wsdl" catalog="catalog.xml" encoding="${source.encoding}" extension="true" verbose="true" fork="false" wsdlLocation="http://laptop-3jnrljo3:8080/WebServiceImplementation/customerpaymentInfo?wsdl" xnocompile="true" xendorsed="true">
            <depends file="${basedir}/${conf-dir}xml-resources/web-service-references/customerpaymentInfo/wsdl/laptop-3jnrljo3_8080/WebServiceImplementation/customerpaymentInfo.wsdl"/>
            <produces dir="${build.generated.dir}/jax-wsCache/customerpaymentInfo"/>
        </wsimport>
        <copy todir="${build.generated.sources.dir}/jax-ws">
            <fileset dir="${build.generated.dir}/jax-wsCache/customerpaymentInfo">
                <include name="**/*.java"/>
            </fileset>
        </copy>
    </target>
    <target name="wsimport-client-clean-customerpaymentInfo" depends="-init-project">
        <delete dir="${build.generated.sources.dir}/jax-ws/org/my/ns"/>
        <delete dir="${build.generated.dir}/jax-wsCache/customerpaymentInfo"/>
    </target>
    <target name="wsimport-client-customerpaymentInfo_1" depends="wsimport-init">
        <mkdir dir="${build.generated.dir}/jax-wsCache/customerpaymentInfo_1"/>
        <wsimport sourcedestdir="${build.generated.dir}/jax-wsCache/customerpaymentInfo_1" destdir="${build.generated.dir}/jax-wsCache/customerpaymentInfo_1" wsdl="${basedir}/${conf-dir}xml-resources/web-service-references/customerpaymentInfo_1/wsdl/laptop-3jnrljo3_8080/WebServiceImplementation/customerpaymentInfo.wsdl" catalog="catalog.xml" encoding="${source.encoding}" extension="true" verbose="true" fork="false" wsdlLocation="http://laptop-3jnrljo3:8080/WebServiceImplementation/customerpaymentInfo?wsdl" xnocompile="true" xendorsed="true">
            <depends file="${basedir}/${conf-dir}xml-resources/web-service-references/customerpaymentInfo_1/wsdl/laptop-3jnrljo3_8080/WebServiceImplementation/customerpaymentInfo.wsdl"/>
            <produces dir="${build.generated.dir}/jax-wsCache/customerpaymentInfo_1"/>
        </wsimport>
        <copy todir="${build.generated.sources.dir}/jax-ws">
            <fileset dir="${build.generated.dir}/jax-wsCache/customerpaymentInfo_1">
                <include name="**/*.java"/>
            </fileset>
        </copy>
    </target>
    <target name="wsimport-client-clean-customerpaymentInfo_1" depends="-init-project">
        <delete dir="${build.generated.sources.dir}/jax-ws/org/my/ns"/>
        <delete dir="${build.generated.dir}/jax-wsCache/customerpaymentInfo_1"/>
    </target>
    <target name="wsimport-client-LocationCountInfo" depends="wsimport-init">
        <mkdir dir="${build.generated.dir}/jax-wsCache/LocationCountInfo"/>
        <wsimport sourcedestdir="${build.generated.dir}/jax-wsCache/LocationCountInfo" destdir="${build.generated.dir}/jax-wsCache/LocationCountInfo" wsdl="${basedir}/${conf-dir}xml-resources/web-service-references/LocationCountInfo/wsdl/laptop-3jnrljo3_8080/WebServiceImplementation/LocationCountInfo.wsdl" catalog="catalog.xml" encoding="${source.encoding}" extension="true" verbose="true" fork="false" wsdlLocation="http://laptop-3jnrljo3:8080/WebServiceImplementation/LocationCountInfo?wsdl" xnocompile="true" xendorsed="true">
            <depends file="${basedir}/${conf-dir}xml-resources/web-service-references/LocationCountInfo/wsdl/laptop-3jnrljo3_8080/WebServiceImplementation/LocationCountInfo.wsdl"/>
            <produces dir="${build.generated.dir}/jax-wsCache/LocationCountInfo"/>
        </wsimport>
        <copy todir="${build.generated.sources.dir}/jax-ws">
            <fileset dir="${build.generated.dir}/jax-wsCache/LocationCountInfo">
                <include name="**/*.java"/>
            </fileset>
        </copy>
    </target>
    <target name="wsimport-client-clean-LocationCountInfo" depends="-init-project">
        <delete dir="${build.generated.sources.dir}/jax-ws/org/my/ns"/>
        <delete dir="${build.generated.dir}/jax-wsCache/LocationCountInfo"/>
    </target>
    <target name="wsimport-client-MaintenanceInfo" depends="wsimport-init">
        <mkdir dir="${build.generated.dir}/jax-wsCache/MaintenanceInfo"/>
        <wsimport sourcedestdir="${build.generated.dir}/jax-wsCache/MaintenanceInfo" destdir="${build.generated.dir}/jax-wsCache/MaintenanceInfo" wsdl="${basedir}/${conf-dir}xml-resources/web-service-references/MaintenanceInfo/wsdl/laptop-3jnrljo3_8080/WebServiceImplementation/MaintenanceInfo.wsdl" catalog="catalog.xml" encoding="${source.encoding}" extension="true" verbose="true" fork="false" wsdlLocation="http://laptop-3jnrljo3:8080/WebServiceImplementation/MaintenanceInfo?wsdl" xnocompile="true" xendorsed="true">
            <depends file="${basedir}/${conf-dir}xml-resources/web-service-references/MaintenanceInfo/wsdl/laptop-3jnrljo3_8080/WebServiceImplementation/MaintenanceInfo.wsdl"/>
            <produces dir="${build.generated.dir}/jax-wsCache/MaintenanceInfo"/>
        </wsimport>
        <copy todir="${build.generated.sources.dir}/jax-ws">
            <fileset dir="${build.generated.dir}/jax-wsCache/MaintenanceInfo">
                <include name="**/*.java"/>
            </fileset>
        </copy>
    </target>
    <target name="wsimport-client-clean-MaintenanceInfo" depends="-init-project">
        <delete dir="${build.generated.sources.dir}/jax-ws/org/my/ns"/>
        <delete dir="${build.generated.dir}/jax-wsCache/MaintenanceInfo"/>
    </target>
    <target name="wsimport-client-CountTruckMaintenanceInfo" depends="wsimport-init">
        <mkdir dir="${build.generated.dir}/jax-wsCache/CountTruckMaintenanceInfo"/>
        <wsimport sourcedestdir="${build.generated.dir}/jax-wsCache/CountTruckMaintenanceInfo" destdir="${build.generated.dir}/jax-wsCache/CountTruckMaintenanceInfo" wsdl="${basedir}/${conf-dir}xml-resources/web-service-references/CountTruckMaintenanceInfo/wsdl/laptop-3jnrljo3_8080/WebServiceImplementation/CountTruckMaintenanceInfo.wsdl" catalog="catalog.xml" encoding="${source.encoding}" extension="true" verbose="true" fork="false" wsdlLocation="http://laptop-3jnrljo3:8080/WebServiceImplementation/CountTruckMaintenanceInfo?wsdl" xnocompile="true" xendorsed="true">
            <depends file="${basedir}/${conf-dir}xml-resources/web-service-references/CountTruckMaintenanceInfo/wsdl/laptop-3jnrljo3_8080/WebServiceImplementation/CountTruckMaintenanceInfo.wsdl"/>
            <produces dir="${build.generated.dir}/jax-wsCache/CountTruckMaintenanceInfo"/>
        </wsimport>
        <copy todir="${build.generated.sources.dir}/jax-ws">
            <fileset dir="${build.generated.dir}/jax-wsCache/CountTruckMaintenanceInfo">
                <include name="**/*.java"/>
            </fileset>
        </copy>
    </target>
    <target name="wsimport-client-clean-CountTruckMaintenanceInfo" depends="-init-project">
        <delete dir="${build.generated.sources.dir}/jax-ws/org/my/ns"/>
        <delete dir="${build.generated.dir}/jax-wsCache/CountTruckMaintenanceInfo"/>
    </target>
    <target name="wsimport-client-VehicleDetails" depends="wsimport-init">
        <mkdir dir="${build.generated.dir}/jax-wsCache/VehicleDetails"/>
        <wsimport sourcedestdir="${build.generated.dir}/jax-wsCache/VehicleDetails" destdir="${build.generated.dir}/jax-wsCache/VehicleDetails" wsdl="${basedir}/${conf-dir}xml-resources/web-service-references/VehicleDetails/wsdl/laptop-3jnrljo3_8080/WebServiceImplementation/VehicleDetails.wsdl" catalog="catalog.xml" encoding="${source.encoding}" extension="true" verbose="true" fork="false" wsdlLocation="http://laptop-3jnrljo3:8080/WebServiceImplementation/VehicleDetails?wsdl" xnocompile="true" xendorsed="true">
            <depends file="${basedir}/${conf-dir}xml-resources/web-service-references/VehicleDetails/wsdl/laptop-3jnrljo3_8080/WebServiceImplementation/VehicleDetails.wsdl"/>
            <produces dir="${build.generated.dir}/jax-wsCache/VehicleDetails"/>
        </wsimport>
        <copy todir="${build.generated.sources.dir}/jax-ws">
            <fileset dir="${build.generated.dir}/jax-wsCache/VehicleDetails">
                <include name="**/*.java"/>
            </fileset>
        </copy>
    </target>
    <target name="wsimport-client-clean-VehicleDetails" depends="-init-project">
        <delete dir="${build.generated.sources.dir}/jax-ws/org/my/ns"/>
        <delete dir="${build.generated.dir}/jax-wsCache/VehicleDetails"/>
    </target>
    <target name="wsimport-client-TruckDetails" depends="wsimport-init">
        <mkdir dir="${build.generated.dir}/jax-wsCache/TruckDetails"/>
        <wsimport sourcedestdir="${build.generated.dir}/jax-wsCache/TruckDetails" destdir="${build.generated.dir}/jax-wsCache/TruckDetails" wsdl="${basedir}/${conf-dir}xml-resources/web-service-references/TruckDetails/wsdl/laptop-3jnrljo3_8080/WebServiceImplementation/TruckDetails.wsdl" catalog="catalog.xml" encoding="${source.encoding}" extension="true" verbose="true" fork="false" wsdlLocation="http://laptop-3jnrljo3:8080/WebServiceImplementation/TruckDetails?wsdl" xnocompile="true" xendorsed="true">
            <depends file="${basedir}/${conf-dir}xml-resources/web-service-references/TruckDetails/wsdl/laptop-3jnrljo3_8080/WebServiceImplementation/TruckDetails.wsdl"/>
            <produces dir="${build.generated.dir}/jax-wsCache/TruckDetails"/>
        </wsimport>
        <copy todir="${build.generated.sources.dir}/jax-ws">
            <fileset dir="${build.generated.dir}/jax-wsCache/TruckDetails">
                <include name="**/*.java"/>
            </fileset>
        </copy>
    </target>
    <target name="wsimport-client-clean-TruckDetails" depends="-init-project">
        <delete dir="${build.generated.sources.dir}/jax-ws/org/my/ns"/>
        <delete dir="${build.generated.dir}/jax-wsCache/TruckDetails"/>
    </target>
    <target name="wsimport-client-CustomersInfo" depends="wsimport-init">
        <mkdir dir="${build.generated.dir}/jax-wsCache/CustomersInfo"/>
        <wsimport sourcedestdir="${build.generated.dir}/jax-wsCache/CustomersInfo" destdir="${build.generated.dir}/jax-wsCache/CustomersInfo" wsdl="${basedir}/${conf-dir}xml-resources/web-service-references/CustomersInfo/wsdl/laptop-3jnrljo3_8080/WebServiceImplementation/CustomersInfo.wsdl" catalog="catalog.xml" encoding="${source.encoding}" extension="true" verbose="true" fork="false" wsdlLocation="http://laptop-3jnrljo3:8080/WebServiceImplementation/CustomersInfo?wsdl" xnocompile="true" xendorsed="true">
            <depends file="${basedir}/${conf-dir}xml-resources/web-service-references/CustomersInfo/wsdl/laptop-3jnrljo3_8080/WebServiceImplementation/CustomersInfo.wsdl"/>
            <produces dir="${build.generated.dir}/jax-wsCache/CustomersInfo"/>
        </wsimport>
        <copy todir="${build.generated.sources.dir}/jax-ws">
            <fileset dir="${build.generated.dir}/jax-wsCache/CustomersInfo">
                <include name="**/*.java"/>
            </fileset>
        </copy>
    </target>
    <target name="wsimport-client-clean-CustomersInfo" depends="-init-project">
        <delete dir="${build.generated.sources.dir}/jax-ws/org/my/ns"/>
        <delete dir="${build.generated.dir}/jax-wsCache/CustomersInfo"/>
    </target>
    <target name="wsimport-client-TruckMaintenanceByDate" depends="wsimport-init">
        <mkdir dir="${build.generated.dir}/jax-wsCache/TruckMaintenanceByDate"/>
        <wsimport sourcedestdir="${build.generated.dir}/jax-wsCache/TruckMaintenanceByDate" destdir="${build.generated.dir}/jax-wsCache/TruckMaintenanceByDate" wsdl="${basedir}/${conf-dir}xml-resources/web-service-references/TruckMaintenanceByDate/wsdl/laptop-3jnrljo3_8080/WebServiceImplementation/TruckMaintenanceByDate.wsdl" catalog="catalog.xml" encoding="${source.encoding}" extension="true" verbose="true" fork="false" wsdlLocation="http://laptop-3jnrljo3:8080/WebServiceImplementation/TruckMaintenanceByDate?wsdl" xnocompile="true" xendorsed="true">
            <depends file="${basedir}/${conf-dir}xml-resources/web-service-references/TruckMaintenanceByDate/wsdl/laptop-3jnrljo3_8080/WebServiceImplementation/TruckMaintenanceByDate.wsdl"/>
            <produces dir="${build.generated.dir}/jax-wsCache/TruckMaintenanceByDate"/>
        </wsimport>
        <copy todir="${build.generated.sources.dir}/jax-ws">
            <fileset dir="${build.generated.dir}/jax-wsCache/TruckMaintenanceByDate">
                <include name="**/*.java"/>
            </fileset>
        </copy>
    </target>
    <target name="wsimport-client-clean-TruckMaintenanceByDate" depends="-init-project">
        <delete dir="${build.generated.sources.dir}/jax-ws/org/my/ns"/>
        <delete dir="${build.generated.dir}/jax-wsCache/TruckMaintenanceByDate"/>
    </target>
    <target name="wsimport-client-InvoiceInfo" depends="wsimport-init">
        <mkdir dir="${build.generated.dir}/jax-wsCache/InvoiceInfo"/>
        <wsimport sourcedestdir="${build.generated.dir}/jax-wsCache/InvoiceInfo" destdir="${build.generated.dir}/jax-wsCache/InvoiceInfo" wsdl="${basedir}/${conf-dir}xml-resources/web-service-references/InvoiceInfo/wsdl/laptop-3jnrljo3_8080/WebServiceImplementation/InvoiceInfo.wsdl" catalog="catalog.xml" encoding="${source.encoding}" extension="true" verbose="true" fork="false" wsdlLocation="http://laptop-3jnrljo3:8080/WebServiceImplementation/InvoiceInfo?wsdl" xnocompile="true" xendorsed="true">
            <depends file="${basedir}/${conf-dir}xml-resources/web-service-references/InvoiceInfo/wsdl/laptop-3jnrljo3_8080/WebServiceImplementation/InvoiceInfo.wsdl"/>
            <produces dir="${build.generated.dir}/jax-wsCache/InvoiceInfo"/>
        </wsimport>
        <copy todir="${build.generated.sources.dir}/jax-ws">
            <fileset dir="${build.generated.dir}/jax-wsCache/InvoiceInfo">
                <include name="**/*.java"/>
            </fileset>
        </copy>
    </target>
    <target name="wsimport-client-clean-InvoiceInfo" depends="-init-project">
        <delete dir="${build.generated.sources.dir}/jax-ws/org/my/ns"/>
        <delete dir="${build.generated.dir}/jax-wsCache/InvoiceInfo"/>
    </target>
    <target name="wsimport-client-generate" depends="wsimport-client-customerpaymentInfo, wsimport-client-customerpaymentInfo_1, wsimport-client-LocationCountInfo, wsimport-client-MaintenanceInfo, wsimport-client-CountTruckMaintenanceInfo, wsimport-client-VehicleDetails, wsimport-client-TruckDetails, wsimport-client-CustomersInfo, wsimport-client-TruckMaintenanceByDate, wsimport-client-InvoiceInfo"/>
</project>
