<?xml version="1.0" encoding="UTF-8" standalone="no"?>
<catalog xmlns="urn:oasis:names:tc:entity:xmlns:xml:catalog" prefer="system">
    <system systemId="http://laptop-3jnrljo3:8080/WebServiceImplementation/LocationCountInfo?Tester" uri="src/conf/xml-resources/web-service-references/LocationCountInfo_Tester/wsdl/laptop-3jnrljo3_8080/WebServiceImplementation/LocationCountInfo.tester"/>
    <system systemId="http://laptop-3jnrljo3:8080/WebServiceImplementation/customerpaymentInfo?wsdl" uri="src/conf/xml-resources/web-service-references/customerpaymentInfo_1/wsdl/laptop-3jnrljo3_8080/WebServiceImplementation/customerpaymentInfo.wsdl"/>
    <system systemId="http://laptop-3jnrljo3:8080/WebServiceImplementation/customerpaymentInfo?xsd=1" uri="src/conf/xml-resources/web-service-references/customerpaymentInfo_1/wsdl/laptop-3jnrljo3_8080/WebServiceImplementation/customerpaymentInfo.xsd_1.xsd"/>
    <system systemId="http://laptop-3jnrljo3:8080/WebServiceImplementation/LocationCountInfo?wsdl" uri="src/conf/xml-resources/web-service-references/LocationCountInfo/wsdl/laptop-3jnrljo3_8080/WebServiceImplementation/LocationCountInfo.wsdl"/>
    <system systemId="http://laptop-3jnrljo3:8080/WebServiceImplementation/LocationCountInfo?xsd=1" uri="src/conf/xml-resources/web-service-references/LocationCountInfo/wsdl/laptop-3jnrljo3_8080/WebServiceImplementation/LocationCountInfo.xsd_1.xsd"/>
    <system systemId="http://laptop-3jnrljo3:8080/WebServiceImplementation/MaintenanceInfo?wsdl" uri="src/conf/xml-resources/web-service-references/MaintenanceInfo/wsdl/laptop-3jnrljo3_8080/WebServiceImplementation/MaintenanceInfo.wsdl"/>
    <system systemId="http://laptop-3jnrljo3:8080/WebServiceImplementation/MaintenanceInfo?xsd=1" uri="src/conf/xml-resources/web-service-references/MaintenanceInfo/wsdl/laptop-3jnrljo3_8080/WebServiceImplementation/MaintenanceInfo.xsd_1.xsd"/>
    <system systemId="http://laptop-3jnrljo3:8080/WebServiceImplementation/CountTruckMaintenanceInfo?wsdl" uri="src/conf/xml-resources/web-service-references/CountTruckMaintenanceInfo/wsdl/laptop-3jnrljo3_8080/WebServiceImplementation/CountTruckMaintenanceInfo.wsdl"/>
    <system systemId="http://laptop-3jnrljo3:8080/WebServiceImplementation/CountTruckMaintenanceInfo?xsd=1" uri="src/conf/xml-resources/web-service-references/CountTruckMaintenanceInfo/wsdl/laptop-3jnrljo3_8080/WebServiceImplementation/CountTruckMaintenanceInfo.xsd_1.xsd"/>
    <system systemId="http://laptop-3jnrljo3:8080/WebServiceImplementation/VehicleDetails?wsdl" uri="src/conf/xml-resources/web-service-references/VehicleDetails/wsdl/laptop-3jnrljo3_8080/WebServiceImplementation/VehicleDetails.wsdl"/>
    <system systemId="http://laptop-3jnrljo3:8080/WebServiceImplementation/VehicleDetails?xsd=1" uri="src/conf/xml-resources/web-service-references/VehicleDetails/wsdl/laptop-3jnrljo3_8080/WebServiceImplementation/VehicleDetails.xsd_1.xsd"/>
    <system systemId="http://laptop-3jnrljo3:8080/WebServiceImplementation/TruckDetails?wsdl" uri="src/conf/xml-resources/web-service-references/TruckDetails/wsdl/laptop-3jnrljo3_8080/WebServiceImplementation/TruckDetails.wsdl"/>
    <system systemId="http://laptop-3jnrljo3:8080/WebServiceImplementation/TruckDetails?xsd=1" uri="src/conf/xml-resources/web-service-references/TruckDetails/wsdl/laptop-3jnrljo3_8080/WebServiceImplementation/TruckDetails.xsd_1.xsd"/>
    <system systemId="http://laptop-3jnrljo3:8080/WebServiceImplementation/CustomersInfo?wsdl" uri="src/conf/xml-resources/web-service-references/CustomersInfo/wsdl/laptop-3jnrljo3_8080/WebServiceImplementation/CustomersInfo.wsdl"/>
    <system systemId="http://laptop-3jnrljo3:8080/WebServiceImplementation/CustomersInfo?xsd=1" uri="src/conf/xml-resources/web-service-references/CustomersInfo/wsdl/laptop-3jnrljo3_8080/WebServiceImplementation/CustomersInfo.xsd_1.xsd"/>
    <system systemId="http://laptop-3jnrljo3:8080/WebServiceImplementation/TruckMaintenanceByDate?wsdl" uri="src/conf/xml-resources/web-service-references/TruckMaintenanceByDate/wsdl/laptop-3jnrljo3_8080/WebServiceImplementation/TruckMaintenanceByDate.wsdl"/>
    <system systemId="http://laptop-3jnrljo3:8080/WebServiceImplementation/TruckMaintenanceByDate?xsd=1" uri="src/conf/xml-resources/web-service-references/TruckMaintenanceByDate/wsdl/laptop-3jnrljo3_8080/WebServiceImplementation/TruckMaintenanceByDate.xsd_1.xsd"/>
    <system systemId="http://laptop-3jnrljo3:8080/WebServiceImplementation/InvoiceInfo?wsdl" uri="src/conf/xml-resources/web-service-references/InvoiceInfo/wsdl/laptop-3jnrljo3_8080/WebServiceImplementation/InvoiceInfo.wsdl"/>
    <system systemId="http://laptop-3jnrljo3:8080/WebServiceImplementation/InvoiceInfo?xsd=1" uri="src/conf/xml-resources/web-service-references/InvoiceInfo/wsdl/laptop-3jnrljo3_8080/WebServiceImplementation/InvoiceInfo.xsd_1.xsd"/>
</catalog>